sample-id	forward-absolute-filepath	reverse-absolute-filepath
PNA_2_B1-P733_2_S221	/Users/anduril/Matteo_B/QIIME/Formiche_oscar/archive/delivery_20210909/raw_reads/69511_ID2083_PNA_2_B1-P733_2_S221_L001_R1_001.fastq.gz	/Users/anduril/Matteo_B/QIIME/Formiche_oscar/archive/delivery_20210909/raw_reads/69511_ID2083_PNA_2_B1-P733_2_S221_L001_R2_001.fastq.gz
PNA_3_C1-P1068_1_S222	/Users/anduril/Matteo_B/QIIME/Formiche_oscar/archive/delivery_20210909/raw_reads/69512_ID2083_PNA_3_C1-P1068_1_S222_L001_R1_001.fastq.gz	/Users/anduril/Matteo_B/QIIME/Formiche_oscar/archive/delivery_20210909/raw_reads/69512_ID2083_PNA_3_C1-P1068_1_S222_L001_R2_001.fastq.gz
PNA_4_D1-P1068_2_S223	/Users/anduril/Matteo_B/QIIME/Formiche_oscar/archive/delivery_20210909/raw_reads/69513_ID2083_PNA_4_D1-P1068_2_S223_L001_R1_001.fastq.gz	/Users/anduril/Matteo_B/QIIME/Formiche_oscar/archive/delivery_20210909/raw_reads/69513_ID2083_PNA_4_D1-P1068_2_S223_L001_R2_001.fastq.gz
PNA_5_E1-P1068_4_S224	/Users/anduril/Matteo_B/QIIME/Formiche_oscar/archive/delivery_20210909/raw_reads/69514_ID2083_PNA_5_E1-P1068_4_S224_L001_R1_001.fastq.gz	/Users/anduril/Matteo_B/QIIME/Formiche_oscar/archive/delivery_20210909/raw_reads/69514_ID2083_PNA_5_E1-P1068_4_S224_L001_R2_001.fastq.gz
PNA_6_F1-P1068_8_S225	/Users/anduril/Matteo_B/QIIME/Formiche_oscar/archive/delivery_20210909/raw_reads/69515_ID2083_PNA_6_F1-P1068_8_S225_L001_R1_001.fastq.gz	/Users/anduril/Matteo_B/QIIME/Formiche_oscar/archive/delivery_20210909/raw_reads/69515_ID2083_PNA_6_F1-P1068_8_S225_L001_R2_001.fastq.gz
PNA_7_G1-P1068_9_S226	/Users/anduril/Matteo_B/QIIME/Formiche_oscar/archive/delivery_20210909/raw_reads/69516_ID2083_PNA_7_G1-P1068_9_S226_L001_R1_001.fastq.gz	/Users/anduril/Matteo_B/QIIME/Formiche_oscar/archive/delivery_20210909/raw_reads/69516_ID2083_PNA_7_G1-P1068_9_S226_L001_R2_001.fastq.gz
PNA_8_H1-P1068_11_S227	/Users/anduril/Matteo_B/QIIME/Formiche_oscar/archive/delivery_20210909/raw_reads/69517_ID2083_PNA_8_H1-P1068_11_S227_L001_R1_001.fastq.gz	/Users/anduril/Matteo_B/QIIME/Formiche_oscar/archive/delivery_20210909/raw_reads/69517_ID2083_PNA_8_H1-P1068_11_S227_L001_R2_001.fastq.gz
PNA_9_A2-P1068_12_S228	/Users/anduril/Matteo_B/QIIME/Formiche_oscar/archive/delivery_20210909/raw_reads/69518_ID2083_PNA_9_A2-P1068_12_S228_L001_R1_001.fastq.gz	/Users/anduril/Matteo_B/QIIME/Formiche_oscar/archive/delivery_20210909/raw_reads/69518_ID2083_PNA_9_A2-P1068_12_S228_L001_R2_001.fastq.gz
PNA_10_B2-P1068_13_S229	/Users/anduril/Matteo_B/QIIME/Formiche_oscar/archive/delivery_20210909/raw_reads/69519_ID2083_PNA_10_B2-P1068_13_S229_L001_R1_001.fastq.gz	/Users/anduril/Matteo_B/QIIME/Formiche_oscar/archive/delivery_20210909/raw_reads/69519_ID2083_PNA_10_B2-P1068_13_S229_L001_R2_001.fastq.gz
PNA_11_C2-P733_3_S230	/Users/anduril/Matteo_B/QIIME/Formiche_oscar/archive/delivery_20210909/raw_reads/69520_ID2083_PNA_11_C2-P733_3_S230_L001_R1_001.fastq.gz	/Users/anduril/Matteo_B/QIIME/Formiche_oscar/archive/delivery_20210909/raw_reads/69520_ID2083_PNA_11_C2-P733_3_S230_L001_R2_001.fastq.gz
PNA_12_D2-P733_4_S231	/Users/anduril/Matteo_B/QIIME/Formiche_oscar/archive/delivery_20210909/raw_reads/69521_ID2083_PNA_12_D2-P733_4_S231_L001_R1_001.fastq.gz	/Users/anduril/Matteo_B/QIIME/Formiche_oscar/archive/delivery_20210909/raw_reads/69521_ID2083_PNA_12_D2-P733_4_S231_L001_R2_001.fastq.gz
PNA_13_E2-P733_5_S232	/Users/anduril/Matteo_B/QIIME/Formiche_oscar/archive/delivery_20210909/raw_reads/69522_ID2083_PNA_13_E2-P733_5_S232_L001_R1_001.fastq.gz	/Users/anduril/Matteo_B/QIIME/Formiche_oscar/archive/delivery_20210909/raw_reads/69522_ID2083_PNA_13_E2-P733_5_S232_L001_R2_001.fastq.gz
PNA_14_F2-P733_6_S233	/Users/anduril/Matteo_B/QIIME/Formiche_oscar/archive/delivery_20210909/raw_reads/69523_ID2083_PNA_14_F2-P733_6_S233_L001_R1_001.fastq.gz	/Users/anduril/Matteo_B/QIIME/Formiche_oscar/archive/delivery_20210909/raw_reads/69523_ID2083_PNA_14_F2-P733_6_S233_L001_R2_001.fastq.gz
PNA_15_G2-P1068_10_S234	/Users/anduril/Matteo_B/QIIME/Formiche_oscar/archive/delivery_20210909/raw_reads/69524_ID2083_PNA_15_G2-P1068_10_S234_L001_R1_001.fastq.gz	/Users/anduril/Matteo_B/QIIME/Formiche_oscar/archive/delivery_20210909/raw_reads/69524_ID2083_PNA_15_G2-P1068_10_S234_L001_R2_001.fastq.gz
PNA_17_A3-P1070_2_S235	/Users/anduril/Matteo_B/QIIME/Formiche_oscar/archive/delivery_20210909/raw_reads/69526_ID2083_PNA_17_A3-P1070_2_S235_L001_R1_001.fastq.gz	/Users/anduril/Matteo_B/QIIME/Formiche_oscar/archive/delivery_20210909/raw_reads/69526_ID2083_PNA_17_A3-P1070_2_S235_L001_R2_001.fastq.gz
PNA_18_B3-P1070_3_S236	/Users/anduril/Matteo_B/QIIME/Formiche_oscar/archive/delivery_20210909/raw_reads/69527_ID2083_PNA_18_B3-P1070_3_S236_L001_R1_001.fastq.gz	/Users/anduril/Matteo_B/QIIME/Formiche_oscar/archive/delivery_20210909/raw_reads/69527_ID2083_PNA_18_B3-P1070_3_S236_L001_R2_001.fastq.gz
PNA_19_C3-P1070_4_S237	/Users/anduril/Matteo_B/QIIME/Formiche_oscar/archive/delivery_20210909/raw_reads/69528_ID2083_PNA_19_C3-P1070_4_S237_L001_R1_001.fastq.gz	/Users/anduril/Matteo_B/QIIME/Formiche_oscar/archive/delivery_20210909/raw_reads/69528_ID2083_PNA_19_C3-P1070_4_S237_L001_R2_001.fastq.gz
PNA_20_D3-P1070_5_S238	/Users/anduril/Matteo_B/QIIME/Formiche_oscar/archive/delivery_20210909/raw_reads/69529_ID2083_PNA_20_D3-P1070_5_S238_L001_R1_001.fastq.gz	/Users/anduril/Matteo_B/QIIME/Formiche_oscar/archive/delivery_20210909/raw_reads/69529_ID2083_PNA_20_D3-P1070_5_S238_L001_R2_001.fastq.gz
PNA_21_E3-P1068_16_S239	/Users/anduril/Matteo_B/QIIME/Formiche_oscar/archive/delivery_20210909/raw_reads/69530_ID2083_PNA_21_E3-P1068_16_S239_L001_R1_001.fastq.gz	/Users/anduril/Matteo_B/QIIME/Formiche_oscar/archive/delivery_20210909/raw_reads/69530_ID2083_PNA_21_E3-P1068_16_S239_L001_R2_001.fastq.gz
PNA_22_F3-NF_1_S240	/Users/anduril/Matteo_B/QIIME/Formiche_oscar/archive/delivery_20210909/raw_reads/69531_ID2083_PNA_22_F3-NF_1_S240_L001_R1_001.fastq.gz	/Users/anduril/Matteo_B/QIIME/Formiche_oscar/archive/delivery_20210909/raw_reads/69531_ID2083_PNA_22_F3-NF_1_S240_L001_R2_001.fastq.gz
PNA_23_G3-NF_3_S241	/Users/anduril/Matteo_B/QIIME/Formiche_oscar/archive/delivery_20210909/raw_reads/69532_ID2083_PNA_23_G3-NF_3_S241_L001_R1_001.fastq.gz	/Users/anduril/Matteo_B/QIIME/Formiche_oscar/archive/delivery_20210909/raw_reads/69532_ID2083_PNA_23_G3-NF_3_S241_L001_R2_001.fastq.gz
PNA_24_H3-F_1_S242	/Users/anduril/Matteo_B/QIIME/Formiche_oscar/archive/delivery_20210909/raw_reads/69533_ID2083_PNA_24_H3-F_1_S242_L001_R1_001.fastq.gz	/Users/anduril/Matteo_B/QIIME/Formiche_oscar/archive/delivery_20210909/raw_reads/69533_ID2083_PNA_24_H3-F_1_S242_L001_R2_001.fastq.gz
PNA_25_A4-F_2_S243	/Users/anduril/Matteo_B/QIIME/Formiche_oscar/archive/delivery_20210909/raw_reads/69534_ID2083_PNA_25_A4-F_2_S243_L001_R1_001.fastq.gz	/Users/anduril/Matteo_B/QIIME/Formiche_oscar/archive/delivery_20210909/raw_reads/69534_ID2083_PNA_25_A4-F_2_S243_L001_R2_001.fastq.gz
PNA_26_B4-F_3_S244	/Users/anduril/Matteo_B/QIIME/Formiche_oscar/archive/delivery_20210909/raw_reads/69535_ID2083_PNA_26_B4-F_3_S244_L001_R1_001.fastq.gz	/Users/anduril/Matteo_B/QIIME/Formiche_oscar/archive/delivery_20210909/raw_reads/69535_ID2083_PNA_26_B4-F_3_S244_L001_R2_001.fastq.gz
PNA_27_C4-F_4_S245	/Users/anduril/Matteo_B/QIIME/Formiche_oscar/archive/delivery_20210909/raw_reads/69536_ID2083_PNA_27_C4-F_4_S245_L001_R1_001.fastq.gz	/Users/anduril/Matteo_B/QIIME/Formiche_oscar/archive/delivery_20210909/raw_reads/69536_ID2083_PNA_27_C4-F_4_S245_L001_R2_001.fastq.gz
PNA_28_D4-F_5_S246	/Users/anduril/Matteo_B/QIIME/Formiche_oscar/archive/delivery_20210909/raw_reads/69537_ID2083_PNA_28_D4-F_5_S246_L001_R1_001.fastq.gz	/Users/anduril/Matteo_B/QIIME/Formiche_oscar/archive/delivery_20210909/raw_reads/69537_ID2083_PNA_28_D4-F_5_S246_L001_R2_001.fastq.gz
PNA_29_E4-F_6_S247	/Users/anduril/Matteo_B/QIIME/Formiche_oscar/archive/delivery_20210909/raw_reads/69538_ID2083_PNA_29_E4-F_6_S247_L001_R1_001.fastq.gz	/Users/anduril/Matteo_B/QIIME/Formiche_oscar/archive/delivery_20210909/raw_reads/69538_ID2083_PNA_29_E4-F_6_S247_L001_R2_001.fastq.gz
PNA_30_F4-F_7_S248	/Users/anduril/Matteo_B/QIIME/Formiche_oscar/archive/delivery_20210909/raw_reads/69539_ID2083_PNA_30_F4-F_7_S248_L001_R1_001.fastq.gz	/Users/anduril/Matteo_B/QIIME/Formiche_oscar/archive/delivery_20210909/raw_reads/69539_ID2083_PNA_30_F4-F_7_S248_L001_R2_001.fastq.gz
PNA_31_G4-NEGATIVO_S249	/Users/anduril/Matteo_B/QIIME/Formiche_oscar/archive/delivery_20210909/raw_reads/69540_ID2083_PNA_31_G4-NEGATIVO_S249_L001_R1_001.fastq.gz	/Users/anduril/Matteo_B/QIIME/Formiche_oscar/archive/delivery_20210909/raw_reads/69540_ID2083_PNA_31_G4-NEGATIVO_S249_L001_R2_001.fastq.gz
PNA_32_H4-N-IN_P8_S250	/Users/anduril/Matteo_B/QIIME/Formiche_oscar/archive/delivery_20210909/raw_reads/69541_ID2083_PNA_32_H4-N-IN_P8_S250_L001_R1_001.fastq.gz	/Users/anduril/Matteo_B/QIIME/Formiche_oscar/archive/delivery_20210909/raw_reads/69541_ID2083_PNA_32_H4-N-IN_P8_S250_L001_R2_001.fastq.gz
PNA_33_A5-N-IN_P9_S251	/Users/anduril/Matteo_B/QIIME/Formiche_oscar/archive/delivery_20210909/raw_reads/69542_ID2083_PNA_33_A5-N-IN_P9_S251_L001_R1_001.fastq.gz	/Users/anduril/Matteo_B/QIIME/Formiche_oscar/archive/delivery_20210909/raw_reads/69542_ID2083_PNA_33_A5-N-IN_P9_S251_L001_R2_001.fastq.gz
PNA_34_B5-N-IN_P10_S252	/Users/anduril/Matteo_B/QIIME/Formiche_oscar/archive/delivery_20210909/raw_reads/69543_ID2083_PNA_34_B5-N-IN_P10_S252_L001_R1_001.fastq.gz	/Users/anduril/Matteo_B/QIIME/Formiche_oscar/archive/delivery_20210909/raw_reads/69543_ID2083_PNA_34_B5-N-IN_P10_S252_L001_R2_001.fastq.gz
PNA_35_C5-N-IN_P11_S253	/Users/anduril/Matteo_B/QIIME/Formiche_oscar/archive/delivery_20210909/raw_reads/69544_ID2083_PNA_35_C5-N-IN_P11_S253_L001_R1_001.fastq.gz	/Users/anduril/Matteo_B/QIIME/Formiche_oscar/archive/delivery_20210909/raw_reads/69544_ID2083_PNA_35_C5-N-IN_P11_S253_L001_R2_001.fastq.gz
PNA_36_D5-N-IN_P12_S254	/Users/anduril/Matteo_B/QIIME/Formiche_oscar/archive/delivery_20210909/raw_reads/69545_ID2083_PNA_36_D5-N-IN_P12_S254_L001_R1_001.fastq.gz	/Users/anduril/Matteo_B/QIIME/Formiche_oscar/archive/delivery_20210909/raw_reads/69545_ID2083_PNA_36_D5-N-IN_P12_S254_L001_R2_001.fastq.gz
PNA_37_E5-N-IN_P13_S255	/Users/anduril/Matteo_B/QIIME/Formiche_oscar/archive/delivery_20210909/raw_reads/69546_ID2083_PNA_37_E5-N-IN_P13_S255_L001_R1_001.fastq.gz	/Users/anduril/Matteo_B/QIIME/Formiche_oscar/archive/delivery_20210909/raw_reads/69546_ID2083_PNA_37_E5-N-IN_P13_S255_L001_R2_001.fastq.gz
PNA_38_F5-N-IN_14_S256	/Users/anduril/Matteo_B/QIIME/Formiche_oscar/archive/delivery_20210909/raw_reads/69547_ID2083_PNA_38_F5-N-IN_14_S256_L001_R1_001.fastq.gz	/Users/anduril/Matteo_B/QIIME/Formiche_oscar/archive/delivery_20210909/raw_reads/69547_ID2083_PNA_38_F5-N-IN_14_S256_L001_R2_001.fastq.gz
PNA_39_G5-N-IN_15_S257	/Users/anduril/Matteo_B/QIIME/Formiche_oscar/archive/delivery_20210909/raw_reads/69548_ID2083_PNA_39_G5-N-IN_15_S257_L001_R1_001.fastq.gz	/Users/anduril/Matteo_B/QIIME/Formiche_oscar/archive/delivery_20210909/raw_reads/69548_ID2083_PNA_39_G5-N-IN_15_S257_L001_R2_001.fastq.gz
PNA_40_H5-N-IN_16_S258	/Users/anduril/Matteo_B/QIIME/Formiche_oscar/archive/delivery_20210909/raw_reads/69549_ID2083_PNA_40_H5-N-IN_16_S258_L001_R1_001.fastq.gz	/Users/anduril/Matteo_B/QIIME/Formiche_oscar/archive/delivery_20210909/raw_reads/69549_ID2083_PNA_40_H5-N-IN_16_S258_L001_R2_001.fastq.gz
PNA_41_A6-N-IN_17_S259	/Users/anduril/Matteo_B/QIIME/Formiche_oscar/archive/delivery_20210909/raw_reads/69550_ID2083_PNA_41_A6-N-IN_17_S259_L001_R1_001.fastq.gz	/Users/anduril/Matteo_B/QIIME/Formiche_oscar/archive/delivery_20210909/raw_reads/69550_ID2083_PNA_41_A6-N-IN_17_S259_L001_R2_001.fastq.gz
PNA_42_B6-A7-A8_CT_S260	/Users/anduril/Matteo_B/QIIME/Formiche_oscar/archive/delivery_20210909/raw_reads/69551_ID2083_PNA_42_B6-A7-A8_CT_S260_L001_R1_001.fastq.gz	/Users/anduril/Matteo_B/QIIME/Formiche_oscar/archive/delivery_20210909/raw_reads/69551_ID2083_PNA_42_B6-A7-A8_CT_S260_L001_R2_001.fastq.gz
PNA_43_C6-A7-A8_A_S261	/Users/anduril/Matteo_B/QIIME/Formiche_oscar/archive/delivery_20210909/raw_reads/69552_ID2083_PNA_43_C6-A7-A8_A_S261_L001_R1_001.fastq.gz	/Users/anduril/Matteo_B/QIIME/Formiche_oscar/archive/delivery_20210909/raw_reads/69552_ID2083_PNA_43_C6-A7-A8_A_S261_L001_R2_001.fastq.gz
PNA_44_D6-A1-A2_CT_S262	/Users/anduril/Matteo_B/QIIME/Formiche_oscar/archive/delivery_20210909/raw_reads/69553_ID2083_PNA_44_D6-A1-A2_CT_S262_L001_R1_001.fastq.gz	/Users/anduril/Matteo_B/QIIME/Formiche_oscar/archive/delivery_20210909/raw_reads/69553_ID2083_PNA_44_D6-A1-A2_CT_S262_L001_R2_001.fastq.gz
PNA_45_E6-A1-A2_A_S263	/Users/anduril/Matteo_B/QIIME/Formiche_oscar/archive/delivery_20210909/raw_reads/69554_ID2083_PNA_45_E6-A1-A2_A_S263_L001_R1_001.fastq.gz	/Users/anduril/Matteo_B/QIIME/Formiche_oscar/archive/delivery_20210909/raw_reads/69554_ID2083_PNA_45_E6-A1-A2_A_S263_L001_R2_001.fastq.gz
PNA_46_F6-A3-A4_CT_S264	/Users/anduril/Matteo_B/QIIME/Formiche_oscar/archive/delivery_20210909/raw_reads/69555_ID2083_PNA_46_F6-A3-A4_CT_S264_L001_R1_001.fastq.gz	/Users/anduril/Matteo_B/QIIME/Formiche_oscar/archive/delivery_20210909/raw_reads/69555_ID2083_PNA_46_F6-A3-A4_CT_S264_L001_R2_001.fastq.gz
PNA_47_G6-A3-A4_A_S265	/Users/anduril/Matteo_B/QIIME/Formiche_oscar/archive/delivery_20210909/raw_reads/69556_ID2083_PNA_47_G6-A3-A4_A_S265_L001_R1_001.fastq.gz	/Users/anduril/Matteo_B/QIIME/Formiche_oscar/archive/delivery_20210909/raw_reads/69556_ID2083_PNA_47_G6-A3-A4_A_S265_L001_R2_001.fastq.gz
PNA_48_H6-A5-A6_CT_S266	/Users/anduril/Matteo_B/QIIME/Formiche_oscar/archive/delivery_20210909/raw_reads/69557_ID2083_PNA_48_H6-A5-A6_CT_S266_L001_R1_001.fastq.gz	/Users/anduril/Matteo_B/QIIME/Formiche_oscar/archive/delivery_20210909/raw_reads/69557_ID2083_PNA_48_H6-A5-A6_CT_S266_L001_R2_001.fastq.gz
PNA_49_A7-A5-A6_A_S267	/Users/anduril/Matteo_B/QIIME/Formiche_oscar/archive/delivery_20210909/raw_reads/69558_ID2083_PNA_49_A7-A5-A6_A_S267_L001_R1_001.fastq.gz	/Users/anduril/Matteo_B/QIIME/Formiche_oscar/archive/delivery_20210909/raw_reads/69558_ID2083_PNA_49_A7-A5-A6_A_S267_L001_R2_001.fastq.gz
PNA_50_B7-D1-D2_CT_S268	/Users/anduril/Matteo_B/QIIME/Formiche_oscar/archive/delivery_20210909/raw_reads/69559_ID2083_PNA_50_B7-D1-D2_CT_S268_L001_R1_001.fastq.gz	/Users/anduril/Matteo_B/QIIME/Formiche_oscar/archive/delivery_20210909/raw_reads/69559_ID2083_PNA_50_B7-D1-D2_CT_S268_L001_R2_001.fastq.gz
PNA_51_C7-D1-D2_A_S269	/Users/anduril/Matteo_B/QIIME/Formiche_oscar/archive/delivery_20210909/raw_reads/69560_ID2083_PNA_51_C7-D1-D2_A_S269_L001_R1_001.fastq.gz	/Users/anduril/Matteo_B/QIIME/Formiche_oscar/archive/delivery_20210909/raw_reads/69560_ID2083_PNA_51_C7-D1-D2_A_S269_L001_R2_001.fastq.gz
PNA_52_D7-D3-D4_CT_S270	/Users/anduril/Matteo_B/QIIME/Formiche_oscar/archive/delivery_20210909/raw_reads/69561_ID2083_PNA_52_D7-D3-D4_CT_S270_L001_R1_001.fastq.gz	/Users/anduril/Matteo_B/QIIME/Formiche_oscar/archive/delivery_20210909/raw_reads/69561_ID2083_PNA_52_D7-D3-D4_CT_S270_L001_R2_001.fastq.gz
PNA_53_E7-D3-D4_A_S271	/Users/anduril/Matteo_B/QIIME/Formiche_oscar/archive/delivery_20210909/raw_reads/69562_ID2083_PNA_53_E7-D3-D4_A_S271_L001_R1_001.fastq.gz	/Users/anduril/Matteo_B/QIIME/Formiche_oscar/archive/delivery_20210909/raw_reads/69562_ID2083_PNA_53_E7-D3-D4_A_S271_L001_R2_001.fastq.gz
PNA_54_F7-D7-D8_CT_S272	/Users/anduril/Matteo_B/QIIME/Formiche_oscar/archive/delivery_20210909/raw_reads/69563_ID2083_PNA_54_F7-D7-D8_CT_S272_L001_R1_001.fastq.gz	/Users/anduril/Matteo_B/QIIME/Formiche_oscar/archive/delivery_20210909/raw_reads/69563_ID2083_PNA_54_F7-D7-D8_CT_S272_L001_R2_001.fastq.gz
PNA_55_G7-D7-D8_A_S273	/Users/anduril/Matteo_B/QIIME/Formiche_oscar/archive/delivery_20210909/raw_reads/69564_ID2083_PNA_55_G7-D7-D8_A_S273_L001_R1_001.fastq.gz	/Users/anduril/Matteo_B/QIIME/Formiche_oscar/archive/delivery_20210909/raw_reads/69564_ID2083_PNA_55_G7-D7-D8_A_S273_L001_R2_001.fastq.gz
PNA_56_H7-D7-D8bis_CT_S274	/Users/anduril/Matteo_B/QIIME/Formiche_oscar/archive/delivery_20210909/raw_reads/69565_ID2083_PNA_56_H7-D7-D8bis_CT_S274_L001_R1_001.fastq.gz	/Users/anduril/Matteo_B/QIIME/Formiche_oscar/archive/delivery_20210909/raw_reads/69565_ID2083_PNA_56_H7-D7-D8bis_CT_S274_L001_R2_001.fastq.gz
PNA_57_A8-D7-D8bis_A_S275	/Users/anduril/Matteo_B/QIIME/Formiche_oscar/archive/delivery_20210909/raw_reads/69566_ID2083_PNA_57_A8-D7-D8bis_A_S275_L001_R1_001.fastq.gz	/Users/anduril/Matteo_B/QIIME/Formiche_oscar/archive/delivery_20210909/raw_reads/69566_ID2083_PNA_57_A8-D7-D8bis_A_S275_L001_R2_001.fastq.gz
16S_60_D8-P8_S276	/Users/anduril/Matteo_B/QIIME/Formiche_oscar/archive/delivery_20210909/raw_reads/69569_ID2083_16S_60_D8-P8_S276_L001_R1_001.fastq.gz	/Users/anduril/Matteo_B/QIIME/Formiche_oscar/archive/delivery_20210909/raw_reads/69569_ID2083_16S_60_D8-P8_S276_L001_R2_001.fastq.gz
16S_61_E8-P9_S277	/Users/anduril/Matteo_B/QIIME/Formiche_oscar/archive/delivery_20210909/raw_reads/69570_ID2083_16S_61_E8-P9_S277_L001_R1_001.fastq.gz	/Users/anduril/Matteo_B/QIIME/Formiche_oscar/archive/delivery_20210909/raw_reads/69570_ID2083_16S_61_E8-P9_S277_L001_R2_001.fastq.gz
16S_62_F8-P10_S278	/Users/anduril/Matteo_B/QIIME/Formiche_oscar/archive/delivery_20210909/raw_reads/69571_ID2083_16S_62_F8-P10_S278_L001_R1_001.fastq.gz	/Users/anduril/Matteo_B/QIIME/Formiche_oscar/archive/delivery_20210909/raw_reads/69571_ID2083_16S_62_F8-P10_S278_L001_R2_001.fastq.gz
16S_63_G8-P11_S279	/Users/anduril/Matteo_B/QIIME/Formiche_oscar/archive/delivery_20210909/raw_reads/69572_ID2083_16S_63_G8-P11_S279_L001_R1_001.fastq.gz	/Users/anduril/Matteo_B/QIIME/Formiche_oscar/archive/delivery_20210909/raw_reads/69572_ID2083_16S_63_G8-P11_S279_L001_R2_001.fastq.gz
16S_64_H8-P12_S280	/Users/anduril/Matteo_B/QIIME/Formiche_oscar/archive/delivery_20210909/raw_reads/69573_ID2083_16S_64_H8-P12_S280_L001_R1_001.fastq.gz	/Users/anduril/Matteo_B/QIIME/Formiche_oscar/archive/delivery_20210909/raw_reads/69573_ID2083_16S_64_H8-P12_S280_L001_R2_001.fastq.gz
16S_65_A9-P13_S281	/Users/anduril/Matteo_B/QIIME/Formiche_oscar/archive/delivery_20210909/raw_reads/69574_ID2083_16S_65_A9-P13_S281_L001_R1_001.fastq.gz	/Users/anduril/Matteo_B/QIIME/Formiche_oscar/archive/delivery_20210909/raw_reads/69574_ID2083_16S_65_A9-P13_S281_L001_R2_001.fastq.gz
16S_66_B9-P14_S282	/Users/anduril/Matteo_B/QIIME/Formiche_oscar/archive/delivery_20210909/raw_reads/69575_ID2083_16S_66_B9-P14_S282_L001_R1_001.fastq.gz	/Users/anduril/Matteo_B/QIIME/Formiche_oscar/archive/delivery_20210909/raw_reads/69575_ID2083_16S_66_B9-P14_S282_L001_R2_001.fastq.gz
16S_67_C9-P15_S283	/Users/anduril/Matteo_B/QIIME/Formiche_oscar/archive/delivery_20210909/raw_reads/69576_ID2083_16S_67_C9-P15_S283_L001_R1_001.fastq.gz	/Users/anduril/Matteo_B/QIIME/Formiche_oscar/archive/delivery_20210909/raw_reads/69576_ID2083_16S_67_C9-P15_S283_L001_R2_001.fastq.gz
16S_68_D9-P16_S284	/Users/anduril/Matteo_B/QIIME/Formiche_oscar/archive/delivery_20210909/raw_reads/69577_ID2083_16S_68_D9-P16_S284_L001_R1_001.fastq.gz	/Users/anduril/Matteo_B/QIIME/Formiche_oscar/archive/delivery_20210909/raw_reads/69577_ID2083_16S_68_D9-P16_S284_L001_R2_001.fastq.gz
16S_69_E9-P17_S285	/Users/anduril/Matteo_B/QIIME/Formiche_oscar/archive/delivery_20210909/raw_reads/69578_ID2083_16S_69_E9-P17_S285_L001_R1_001.fastq.gz	/Users/anduril/Matteo_B/QIIME/Formiche_oscar/archive/delivery_20210909/raw_reads/69578_ID2083_16S_69_E9-P17_S285_L001_R2_001.fastq.gz
16S_70_F9-PIASTRE-FORMICHE_S286	/Users/anduril/Matteo_B/QIIME/Formiche_oscar/archive/delivery_20210909/raw_reads/69579_ID2083_16S_70_F9-PIASTRE-FORMICHE_S286_L001_R1_001.fastq.gz	/Users/anduril/Matteo_B/QIIME/Formiche_oscar/archive/delivery_20210909/raw_reads/69579_ID2083_16S_70_F9-PIASTRE-FORMICHE_S286_L001_R2_001.fastq.gz
16S_72_H9-PBS_OUT_T1_CTR_S287	/Users/anduril/Matteo_B/QIIME/Formiche_oscar/archive/delivery_20210909/raw_reads/69581_ID2083_16S_72_H9-PBS_OUT_T1_CTR_S287_L001_R1_001.fastq.gz	/Users/anduril/Matteo_B/QIIME/Formiche_oscar/archive/delivery_20210909/raw_reads/69581_ID2083_16S_72_H9-PBS_OUT_T1_CTR_S287_L001_R2_001.fastq.gz
16S_73_A10-PBS_OUT_T1_TR_S288	/Users/anduril/Matteo_B/QIIME/Formiche_oscar/archive/delivery_20210909/raw_reads/69582_ID2083_16S_73_A10-PBS_OUT_T1_TR_S288_L001_R1_001.fastq.gz	/Users/anduril/Matteo_B/QIIME/Formiche_oscar/archive/delivery_20210909/raw_reads/69582_ID2083_16S_73_A10-PBS_OUT_T1_TR_S288_L001_R2_001.fastq.gz
16S_74_B10-T0_N_IN_S289	/Users/anduril/Matteo_B/QIIME/Formiche_oscar/archive/delivery_20210909/raw_reads/69583_ID2083_16S_74_B10-T0_N_IN_S289_L001_R1_001.fastq.gz	/Users/anduril/Matteo_B/QIIME/Formiche_oscar/archive/delivery_20210909/raw_reads/69583_ID2083_16S_74_B10-T0_N_IN_S289_L001_R2_001.fastq.gz
16S_75_C10-T1_TR_N_IN_S290	/Users/anduril/Matteo_B/QIIME/Formiche_oscar/archive/delivery_20210909/raw_reads/69584_ID2083_16S_75_C10-T1_TR_N_IN_S290_L001_R1_001.fastq.gz	/Users/anduril/Matteo_B/QIIME/Formiche_oscar/archive/delivery_20210909/raw_reads/69584_ID2083_16S_75_C10-T1_TR_N_IN_S290_L001_R2_001.fastq.gz
16S_76_D10-T0_F_IN_S291	/Users/anduril/Matteo_B/QIIME/Formiche_oscar/archive/delivery_20210909/raw_reads/69585_ID2083_16S_76_D10-T0_F_IN_S291_L001_R1_001.fastq.gz	/Users/anduril/Matteo_B/QIIME/Formiche_oscar/archive/delivery_20210909/raw_reads/69585_ID2083_16S_76_D10-T0_F_IN_S291_L001_R2_001.fastq.gz
16S_77_E10-T1_CTR_F_IN_S292	/Users/anduril/Matteo_B/QIIME/Formiche_oscar/archive/delivery_20210909/raw_reads/69586_ID2083_16S_77_E10-T1_CTR_F_IN_S292_L001_R1_001.fastq.gz	/Users/anduril/Matteo_B/QIIME/Formiche_oscar/archive/delivery_20210909/raw_reads/69586_ID2083_16S_77_E10-T1_CTR_F_IN_S292_L001_R2_001.fastq.gz
16S_78_F10-T1_TR_F_IN_S293	/Users/anduril/Matteo_B/QIIME/Formiche_oscar/archive/delivery_20210909/raw_reads/69587_ID2083_16S_78_F10-T1_TR_F_IN_S293_L001_R1_001.fastq.gz	/Users/anduril/Matteo_B/QIIME/Formiche_oscar/archive/delivery_20210909/raw_reads/69587_ID2083_16S_78_F10-T1_TR_F_IN_S293_L001_R2_001.fastq.gz
16S_79_G10-BB_S294	/Users/anduril/Matteo_B/QIIME/Formiche_oscar/archive/delivery_20210909/raw_reads/69588_ID2083_16S_79_G10-BB_S294_L001_R1_001.fastq.gz	/Users/anduril/Matteo_B/QIIME/Formiche_oscar/archive/delivery_20210909/raw_reads/69588_ID2083_16S_79_G10-BB_S294_L001_R2_001.fastq.gz
16S_80_H10-YPD_S295	/Users/anduril/Matteo_B/QIIME/Formiche_oscar/archive/delivery_20210909/raw_reads/69589_ID2083_16S_80_H10-YPD_S295_L001_R1_001.fastq.gz	/Users/anduril/Matteo_B/QIIME/Formiche_oscar/archive/delivery_20210909/raw_reads/69589_ID2083_16S_80_H10-YPD_S295_L001_R2_001.fastq.gz